unjx,01110101011011100110101001111000
gsxa,01100111011100110111100001100001
skdm,01110011011010110110010001101101
fxop,01100110011110000110111101110000
lrob,01101100011100100110111101100010
dxyw,01100100011110000111100101110111
yrej,01111001011100100110010101101010
rrka,01110010011100100110101101100001
rgvp,01110010011001110111011001110000
sfpj,01110011011001100111000001101010
rmss,01110010011011010111001101110011
seue,01110011011001010111010101100101
tuau,01110100011101010110000101110101
zigm,01111010011010010110011101101101
cers,01100011011001010111001001110011
xfdb,01111000011001100110010001100010
hquj,01101000011100010111010101101010
imvd,01101001011011010111011001100100
wpvn,01110111011100000111011001101110
aggv,01100001011001110110011101110110
nvps,01101110011101100111000001110011
frfw,01100110011100100110011001110111
mjor,01101101011010100110111101110010
xnls,01111000011011100110110001110011
fhib,01100110011010000110100101100010
onsn,01101111011011100111001101101110
xpgz,01111000011100000110011101111010
hkui,01101000011010110111010101101001
xfzq,01111000011001100111101001110001
hofo,01101000011011110110011001101111
cmcz,01100011011011010110001101111010
kded,01101011011001000110010101100100
kxwg,01101011011110000111011101100111
qpyt,01110001011100000111100101110100
wmiu,01110111011011010110100101110101
tsjr,01110100011100110110101001110010
fici,01100110011010010110001101101001
snvj,01110011011011100111011001101010
kxsm,01101011011110000111001101101101
vncg,01110110011011100110001101100111
vaff,01110110011000010110011001100110
hkik,01101000011010110110100101101011
aqdm,01100001011100010110010001101101
tcfq,01110100011000110110011001110001
aeaq,01100001011001010110000101110001
amgc,01100001011011010110011101100011
fjxz,01100110011010100111100001111010
towg,01110100011011110111011101100111
ksof,01101011011100110110111101100110
rbxn,01110010011000100111100001101110
gpmz,01100111011100000110110101111010
ufsw,01110101011001100111001101110111
mvju,01101101011101100110101001110101
taxj,01110100011000010111100001101010
xlli,01111000011011000110110001101001
bxow,01100010011110000110111101110111
rzeh,01110010011110100110010101101000
otek,01101111011101000110010101101011
lzcc,01101100011110100110001101100011
xsig,01111000011100110110100101100111
bzyp,01100010011110100111100101110000
ebza,01100101011000100111101001100001
zesy,01111010011001010111001101111001
sqjt,01110011011100010110101001110100
phfb,01110000011010000110011001100010
nnpz,01101110011011100111000001111010
wnsz,01110111011011100111001101111010
iekf,01101001011001010110101101100110
miuh,01101101011010010111010101101000
eymk,01100101011110010110110101101011
bmgm,01100010011011010110011101101101
iouv,01101001011011110111010101110110
ngtd,01101110011001110111010001100100
xqhk,01111000011100010110100001101011
dvxx,01100100011101100111100001111000
hxgo,01101000011110000110011101101111
yrdo,01111001011100100110010001101111
xykh,01111000011110010110101101101000
nmvi,01101110011011010111011001101001
kapa,01101011011000010111000001100001
galo,01100111011000010110110001101111
hsgr,01101000011100110110011101110010
rmtd,01110010011011010111010001100100
mqxd,01101101011100010111100001100100
rehu,01110010011001010110100001110101
onya,01101111011011100111100101100001
mtup,01101101011101000111010101110000
tdea,01110100011001000110010101100001
cxxx,01100011011110000111100001111000
vwkh,01110110011101110110101101101000
njao,01101110011010100110000101101111
xdwd,01111000011001000111011101100100
wslq,01110111011100110110110001110001
ecst,01100101011000110111001101110100
oobj,01101111011011110110001001101010
fddo,01100110011001000110010001101111
treo,01110100011100100110010101101111
lxrd,01101100011110000111001001100100
rdlp,01110010011001000110110001110000
iivd,01101001011010010111011001100100
bmio,01100010011011010110100101101111
nift,01101110011010010110011001110100
